Characteristics,Consortium Aggregate,Emory University,John hopkins University,Northwestern University,Oregon Health & Science University,Rush University,University of California San Francisco,University of Chicago,University of Michigan,University of Minnesota,University of Pennsylvania,University of Toronto,MIMIC IV
Years,2011-2025,2022-2025,2017-2025,2018-2024,2016-2025,2018-2025,2011-2025,2018-2025,2017-2024,2011-2025,2017-2025,2013-2021,2008-2022
N: Encounter blocks,"1,029,400","56,717","131,261","106,234","63,185","67,385","70,177","43,779","49,908","178,613","152,603","19,649","89,889"
N: Unique patients,"808,749","46,065","107,143","85,393","53,775","46,781","57,177","35,684","42,193","129,480","118,690","18,259","68,109"
N: Hospitals,62,10,9,10,2,1,5,1,1,13,8,1,1
"Age at admission, median [Q1, Q3]","66 [47,79]","65 [52, 75]","66 [53, 77]","66 [53, 76]","64 [50, 74]","63 [51, 73]","62 [49, 72]","62 [47, 72]","63 [50, 72]","66 [53, 78]","65 [53, 76]","68 [54, 79]","67 [55, 78]"
  Race: white,"511,899 (63.3%)","17,964 (39.0%)","64,409 (60.1%)","62,757 (73.5%)","45,620 (84.8%)","20,018 (42.8%)","31,215 (54.6%)","10,700 (30.0%)","34,579 (82.0%)","110,121 (85.0%)","68,359 (57.6%)",,"46,157 (67.8%)"
  Race: black or african american,"157,430 (19.5%)","22,113 (48.0%)","29,385 (27.4%)","10,551 (12.4%)","1,250 (2.3%)","15,878 (33.9%)","4,120 (7.2%)","20,343 (57.0%)","4,268 (10.1%)","7,492 (5.8%)","35,613 (30.0%)",,"6,417 (9.4%)"
  Race: unknown,"53,206 (6.6%)","2,760 (6.0%)",788 (0.7%),"2,596 (3.0%)","3,209 (6.0%)","1,770 (3.8%)","1,842 (3.2%)","2,924 (8.2%)",673 (1.6%),"3,468 (2.7%)","6,328 (5.3%)","18,259 (100.0%)","8,589 (12.6%)"
  Race: asian,"36,342 (4.5%)","1,873 (4.1%)","5,153 (4.8%)","3,107 (3.6%)","1,497 (2.8%)","1,446 (3.1%)","9,451 (16.5%)",723 (2.0%),876 (2.1%),"6,050 (4.7%)","4,052 (3.4%)",,"2,114 (3.1%)"
  Race: other,"41,902 (5.2%)","1,208 (2.6%)","6,994 (6.5%)","5,999 (7.0%)",,"7,489 (16.0%)","9,302 (16.3%)",859 (2.4%),"1,013 (2.4%)",501 (0.4%),"3,935 (3.3%)",,"4,602 (6.8%)"
  Race: american indian or alaska native,"3,936 (0.5%)",94 (0.2%),297 (0.3%),179 (0.2%),"1,131 (2.1%)",126 (0.3%),,76 (0.2%),,"1,662 (1.3%)",238 (0.2%),,133 (0.2%)
  Race: native hawaiian or other pacific islander,"2,176 (0.3%)",48 (0.1%),117 (0.1%),151 (0.2%),510 (0.9%),53 (0.1%),751 (1.3%),59 (0.2%),40 (0.1%),186 (0.1%),164 (0.1%),,97 (0.1%)
  Race: Missing,804 (0.1%),5 (0.0%),,53 (0.1%),,1 (0.0%),,,744 (1.8%),,1 (0.0%),,
  Ethnicity: non-hispanic,"700,818 (86.7%)","40,425 (87.8%)","91,158 (85.1%)","74,337 (87.1%)","46,428 (86.3%)","37,227 (79.6%)","46,180 (80.8%)","31,398 (88.0%)","39,747 (94.2%)","127,315 (98.3%)","111,685 (94.1%)",,"54,918 (80.6%)"
  Ethnicity: hispanic,"47,271 (5.8%)","1,883 (4.1%)","4,553 (4.2%)","8,085 (9.5%)","3,679 (6.8%)","8,156 (17.4%)","8,935 (15.6%)","2,189 (6.1%)","1,022 (2.4%)","2,165 (1.7%)","4,158 (3.5%)",,"2,446 (3.6%)"
  Ethnicity: unknown,"60,070 (7.4%)","3,752 (8.1%)","11,432 (10.7%)","2,918 (3.4%)","3,668 (6.8%)","1,397 (3.0%)","2,062 (3.6%)","2,097 (5.9%)",894 (2.1%),,"2,846 (2.4%)","18,259 (100.0%)","10,745 (15.8%)"
  Ethnicity: Missing,590 (0.1%),5 (0.0%),,53 (0.1%),,1 (0.0%),,,530 (1.3%),,1 (0.0%),,
  Sex: male,"440,597 (54.5%)","24,504 (53.2%)","56,613 (52.8%)","47,310 (55.4%)","30,963 (57.6%)","24,231 (51.8%)","30,060 (52.6%)","19,983 (56.0%)","24,511 (58.1%)","67,858 (52.4%)","64,968 (54.7%)","11,298 (61.9%)","38,298 (56.2%)"
  Sex: female,"367,997 (45.5%)","21,545 (46.8%)","50,512 (47.1%)","38,016 (44.5%)","22,806 (42.4%)","22,549 (48.2%)","27,096 (47.4%)","15,701 (44.0%)","17,682 (41.9%)","61,603 (47.6%)","53,715 (45.3%)","6,961 (38.1%)","29,811 (43.8%)"
  Sex: unknown,89 (0.0%),11 (0.0%),18 (0.0%),14 (0.0%),6 (0.0%),,21 (0.0%),,,13 (0.0%),6 (0.0%),,
  Sex: Missing,60 (0.0%),5 (0.0%),,53 (0.1%),,1 (0.0%),,,,,1 (0.0%),,
Encounter Types,,,,,,,,,,,,,
"  ICU encounters, n (%)","933,058 (90.6%)","52,419 (92.4%)","113,754 (86.7%)","105,690 (99.5%)","58,778 (93.0%)","54,403 (80.7%)","65,748 (93.7%)","41,179 (94.1%)","49,905 (100.0%)","153,213 (85.8%)","135,837 (89.0%)","16,975 (86.4%)","85,157 (94.7%)"
"  Advanced respiratory support, n (%)","454,071 (44.1%)","23,394 (41.2%)","54,300 (41.4%)","49,012 (46.1%)","23,374 (37.0%)","30,363 (45.1%)","29,026 (41.4%)","23,580 (53.9%)","31,035 (62.2%)","72,604 (40.6%)","67,508 (44.2%)","8,950 (45.5%)","40,925 (45.5%)"
"  Vasoactive support, n (%)","347,730 (33.8%)","17,952 (31.7%)","39,388 (30.0%)","47,464 (44.7%)","28,146 (44.5%)","14,207 (21.1%)","21,861 (31.2%)","18,573 (42.4%)","20,958 (42.0%)","51,450 (28.8%)","53,837 (35.3%)","6,872 (35.0%)","27,022 (30.1%)"
"  Other critically ill, n (%)","74,095 (7.2%)","3,743 (6.6%)","14,163 (10.8%)",249 (0.2%),"3,886 (6.2%)","3,503 (5.2%)","3,898 (5.6%)","2,374 (5.4%)",2 (0.0%),"21,038 (11.8%)","14,009 (9.2%)","2,499 (12.7%)","4,731 (5.3%)"
"Hospital mortality, n (%)","208,813 (25.8%)","11,417 (20.1%)","33,916 (25.8%)","14,772 (13.9%)","11,627 (18.4%)","9,855 (14.6%)","10,968 (15.6%)","9,435 (21.6%)","6,844 (13.7%)","43,614 (24.4%)","34,578 (22.7%)","5,187 (26.4%)","16,600 (18.5%)"
"  Discharged to hospice, n (%)","74,855 (7.3%)","2,240 (3.9%)","16,409 (12.5%)","4,217 (4.0%)","4,461 (7.1%)","2,487 (3.7%)","3,841 (5.5%)","3,208 (7.3%)","1,287 (2.6%)","17,968 (10.1%)","12,527 (8.2%)","1,331 (6.8%)","4,879 (5.4%)"
"  Expired, n (%)","133,180 (12.9%)","9,134 (16.1%)","17,473 (13.3%)","10,550 (9.9%)","7,161 (11.3%)","7,233 (10.7%)","7,122 (10.1%)","6,226 (14.2%)","5,557 (11.1%)","25,136 (14.1%)","22,025 (14.4%)","3,853 (19.6%)","11,710 (13.0%)"
  First admission location: icu,"223,438 (21.7%)","14,451 (25.5%)","10,058 (7.7%)","32,485 (30.6%)","13,269 (21.0%)","13,413 (19.9%)","16,091 (22.9%)","4,469 (10.2%)","16,352 (32.8%)","8,558 (4.8%)","59,314 (38.9%)","4,561 (23.2%)","30,417 (33.8%)"
  First admission location: ward,"178,035 (17.3%)","14,060 (24.8%)","8,973 (6.8%)","23,877 (22.5%)","4,988 (7.9%)","6,825 (10.1%)","15,648 (22.3%)","4,158 (9.5%)","16,785 (33.6%)","9,057 (5.1%)","39,954 (26.2%)","2,390 (12.2%)","31,320 (34.8%)"
  First admission location: procedural,"164,059 (15.9%)","3,165 (5.6%)","29,742 (22.7%)","18,168 (17.1%)","14,693 (23.3%)","12,868 (19.1%)","14,512 (20.7%)","7,401 (16.9%)","6,433 (12.9%)","24,382 (13.7%)","26,543 (17.4%)","3,661 (18.6%)","2,491 (2.8%)"
  First admission location: ed,"422,593 (41.1%)","24,864 (43.8%)","81,717 (62.3%)","28,082 (26.4%)","29,874 (47.3%)","31,535 (46.8%)","8,842 (12.6%)","27,654 (63.2%)","9,202 (18.4%)","134,760 (75.4%)","20,877 (13.7%)","8,074 (41.1%)","17,112 (19.0%)"
  First admission location: stepdown,"17,409 (1.7%)",,632 (0.5%),"2,565 (2.4%)",96 (0.2%),,"1,999 (2.8%)",,938 (1.9%),"1,216 (0.7%)","5,032 (3.3%)",,"4,931 (5.5%)"
  First admission location: radiology,"3,360 (0.3%)",,,,,418 (0.6%),"2,704 (3.9%)",,,10 (0.0%),228 (0.1%),,
  First admission location: dialysis,228 (0.0%),,,,1 (0.0%),,,,,,227 (0.1%),,
  First admission location: other,"13,416 (1.3%)",,,794 (0.7%),,,"8,812 (12.6%)",2 (0.0%),4 (0.0%),,200 (0.1%),60 (0.3%),"3,544 (3.9%)"
  First admission location: l&d,"2,374 (0.2%)",78 (0.1%),139 (0.1%),263 (0.2%),240 (0.4%),71 (0.1%),365 (0.5%),95 (0.2%),179 (0.4%),629 (0.4%),180 (0.1%),65 (0.3%),70 (0.1%)
  First admission location: rehab,"1,309 (0.1%)",56 (0.1%),,,,,"1,189 (1.7%)",,15 (0.0%),1 (0.0%),48 (0.0%),,
  Admission type: ed,"670,921 (65.2%)","41,401 (73.0%)","106,087 (80.8%)","79,549 (74.9%)","28,741 (45.5%)","38,939 (57.8%)","22,930 (32.7%)","31,481 (71.9%)","23,835 (47.8%)","129,372 (72.4%)","76,799 (50.3%)","12,890 (65.6%)","78,897 (87.8%)"
  Admission type: elective,"81,078 (7.9%)",161 (0.3%),2 (0.0%),,101 (0.2%),"10,271 (15.2%)",,,"15,905 (31.9%)",,"39,135 (25.6%)","4,750 (24.2%)","10,753 (12.0%)"
  Admission type: osh,"149,423 (14.5%)","11,650 (20.5%)","17,096 (13.0%)","13,052 (12.3%)","17,941 (28.4%)",36 (0.1%),"17,644 (25.1%)","8,664 (19.8%)","9,919 (19.9%)","21,158 (11.8%)","32,263 (21.1%)",,
  Admission type: facility,"34,120 (3.3%)","2,439 (4.3%)",4 (0.0%),"5,663 (5.3%)",42 (0.1%),"11,577 (17.2%)",136 (0.2%),"1,759 (4.0%)",,"9,534 (5.3%)","2,966 (1.9%)",,
  Admission type: direct,"59,731 (5.8%)","1,060 (1.9%)","5,207 (4.0%)","6,006 (5.7%)","7,677 (12.2%)","6,560 (9.7%)","22,662 (32.3%)","1,865 (4.3%)",217 (0.4%),"6,977 (3.9%)","1,261 (0.8%)",,239 (0.3%)
  Admission type: other,"25,463 (2.5%)",6 (0.0%),"2,730 (2.1%)","1,964 (1.8%)","8,683 (13.7%)",2 (0.0%),"6,805 (9.7%)",10 (0.0%),28 (0.1%),"3,047 (1.7%)",179 (0.1%),"2,009 (10.2%)",
"ICU length of stay (days), median [Q1, Q3]","1.7 [0.8,5]","1.9 [1.0, 3.6]","1.7 [0.9, 3.1]","1.5 [0.8, 2.8]","1.5 [0.8, 2.8]","1.8 [0.9, 3.1]","1.0 [1.0, 2.0]","1.8 [1.0, 3.3]","1.9 [1.0, 3.8]","1.6 [0.8, 2.9]","1.7 [0.9, 3.1]","2.6 [1.2, 5.0]","1.4 [0.8, 2.8]"
"Hospital length of stay (days), median [Q1, Q3]","6.4 [2.6,18.6]","6.8 [3.5, 13.2]","7.1 [3.8, 13.3]","6.1 [3.2, 11.2]","6.4 [3.2, 12.0]","5.5 [3.0, 10.3]","7.0 [4.0, 14.0]","7.9 [4.2, 14.6]","8.2 [4.5, 15.2]","5.1 [2.6, 9.5]","6.4 [3.3, 12.3]","10.0 [5.4, 18.6]","7.0 [4.2, 12.4]"
"Charlson Comorbidity Index, median [Q1, Q3]","2 [0,5]","3 [1, 5]","2 [0, 3]","2 [0, 4]","2 [0, 3]","2 [1, 4]",,"2 [0, 3]","2 [0, 3]","0 [0, 0]","2 [0, 3]","0 [0, 2]","2 [0, 4]"
"Comorbidities, n (%)",,,,,,,,,,,,,
  Congestive Heart Failure,"217,619 (21.1%)","25,094 (44.2%)","33,409 (25.5%)","34,880 (32.8%)","15,017 (23.8%)","20,945 (31.1%)",,"13,368 (30.5%)","15,462 (31.0%)",,"45,421 (29.8%)",771 (3.9%),"13,252 (14.7%)"
  Renal Disease,"194,088 (18.9%)","23,629 (41.7%)","32,493 (24.8%)","29,781 (28.0%)","11,644 (18.4%)","21,463 (31.9%)",,"10,792 (24.7%)","12,858 (25.8%)",,"39,855 (26.1%)","1,010 (5.1%)","10,563 (11.8%)"
  Chronic Pulmonary Disease,"179,526 (17.4%)","18,515 (32.6%)","31,193 (23.8%)","26,842 (25.3%)","13,376 (21.2%)","18,340 (27.2%)",,"10,690 (24.4%)","12,238 (24.5%)",,"37,074 (24.3%)","1,139 (5.8%)","10,119 (11.3%)"
  Cerebrovascular Disease,"138,330 (13.4%)","21,480 (37.9%)","19,801 (15.1%)","24,048 (22.6%)","10,383 (16.4%)","17,467 (25.9%)",,"5,608 (12.8%)","7,526 (15.1%)",,"22,600 (14.8%)","2,997 (15.3%)","6,420 (7.1%)"
  Cancer,"75,755 (7.4%)","5,976 (10.5%)","15,153 (11.5%)","12,424 (11.7%)","6,784 (10.7%)","8,050 (11.9%)",,"3,166 (7.2%)","5,137 (10.3%)",,"14,983 (9.8%)",131 (0.7%),"3,951 (4.4%)"
  Metastatic Solid Tumor,"73,649 (7.2%)","9,263 (16.3%)","15,438 (11.8%)","10,672 (10.0%)","4,821 (7.6%)","6,985 (10.4%)",,"3,273 (7.5%)","3,668 (7.3%)",,"14,335 (9.4%)","1,548 (7.9%)","3,646 (4.1%)"
  Peripheral Vascular Disease,"63,341 (6.2%)","10,769 (19.0%)","6,821 (5.2%)","9,588 (9.0%)","4,110 (6.5%)","6,341 (9.4%)",,"2,343 (5.4%)","5,347 (10.7%)",,"12,777 (8.4%)",190 (1.0%),"5,055 (5.6%)"
  Myocardial Infarction,"78,700 (7.6%)","9,721 (17.1%)","13,687 (10.4%)","13,580 (12.8%)","5,053 (8.0%)","10,702 (15.9%)",,"4,271 (9.8%)","3,130 (6.3%)",,"9,552 (6.3%)",894 (4.5%),"8,110 (9.0%)"
  Dementia,"35,096 (3.4%)","5,604 (9.9%)","1,939 (1.5%)","6,215 (5.9%)","3,023 (4.8%)","3,305 (4.9%)",,"1,976 (4.5%)","1,382 (2.8%)",,"8,489 (5.6%)",314 (1.6%),"2,849 (3.2%)"
  Mild Liver Disease,"34,309 (3.3%)","4,254 (7.5%)","5,475 (4.2%)","4,330 (4.1%)","3,550 (5.6%)","3,766 (5.6%)",,"1,463 (3.3%)","2,118 (4.2%)",,"6,480 (4.2%)",196 (1.0%),"2,677 (3.0%)"
  Hemiplegia,"40,168 (3.9%)","4,251 (7.5%)","6,682 (5.1%)","6,894 (6.5%)","3,893 (6.2%)","4,758 (7.1%)",,"2,406 (5.5%)","2,776 (5.6%)",,"6,036 (4.0%)",,"2,472 (2.8%)"
  Connective Tissue Disease,"23,637 (2.3%)","2,529 (4.5%)","3,765 (2.9%)","4,088 (3.8%)","1,535 (2.4%)","2,803 (4.2%)",,"1,000 (2.3%)","1,946 (3.9%)",,"4,487 (2.9%)",28 (0.1%),"1,456 (1.6%)"
  Peptic Ulcer Disease,"19,999 (1.9%)","3,652 (6.4%)","3,050 (2.3%)","4,135 (3.9%)","1,279 (2.0%)","1,564 (2.3%)",,"1,053 (2.4%)","1,128 (2.3%)",,"2,821 (1.8%)",48 (0.2%),"1,269 (1.4%)"
  Aids,"4,082 (0.4%)","1,327 (2.3%)",,344 (0.3%),278 (0.4%),560 (0.8%),,277 (0.6%),110 (0.2%),,822 (0.5%),124 (0.6%),240 (0.3%)
SOFA Scores,,,,,,,,,,,,,
"  Total SOFA score, median [Q1, Q3]","3 [1,9]","3.0 [1.0, 6.0]",,"3.0 [1.0, 6.0]","3.0 [1.0, 6.0]","2.0 [1.0, 4.0]",,"4.0 [1.0, 8.0]","5.0 [1.0, 9.0]","2.0 [1.0, 6.0]","3.0 [1.0, 6.0]",,"3.0 [2.0, 6.0]"
"    Respiratory, median [Q1, Q3]","0 [0,2]","0.0 [0.0, 0.0]",,"0.0 [0.0, 0.0]","0.0 [0.0, 0.0]","0.0 [0.0, 0.0]",,"0.0 [0.0, 1.0]","0.0 [0.0, 2.0]","0.0 [0.0, 0.0]","0.0 [0.0, 0.0]",,"0.0 [0.0, 1.0]"
"    Coagulation, median [Q1, Q3]","0 [0,1]","0.0 [0.0, 1.0]",,"0.0 [0.0, 1.0]","0.0 [0.0, 1.0]","0.0 [0.0, 1.0]",,"0.0 [0.0, 1.0]","0.0 [0.0, 1.0]","0.0 [0.0, 1.0]","0.0 [0.0, 1.0]",,"0.0 [0.0, 1.0]"
"    Liver, median [Q1, Q3]","0 [0,0]","0.0 [0.0, 0.0]",,"0.0 [0.0, 0.0]","0.0 [0.0, 0.0]","0.0 [0.0, 0.0]",,"0.0 [0.0, 0.0]","0.0 [0.0, 0.0]","0.0 [0.0, 0.0]","0.0 [0.0, 0.0]",,"0.0 [0.0, 0.0]"
"    Cardiovascular, median [Q1, Q3]","1 [0,3]","1.0 [0.0, 3.0]",,"1.0 [0.0, 1.0]","1.0 [0.0, 2.0]","0.0 [0.0, 1.0]",,"1.0 [0.0, 1.0]","1.0 [0.0, 3.0]","1.0 [0.0, 1.0]","0.0 [0.0, 3.0]",,"1.0 [1.0, 1.0]"
"    CNS, median [Q1, Q3]","0 [0,3]","0.0 [0.0, 1.0]",,"0.0 [0.0, 2.0]","0.0 [0.0, 2.0]","0.0 [0.0, 1.0]",,"1.0 [0.0, 3.0]","1.0 [0.0, 3.0]","0.0 [0.0, 1.0]","0.0 [0.0, 2.0]",,"0.0 [0.0, 1.0]"
"    Renal, median [Q1, Q3]","0 [0,1]","0.0 [0.0, 1.0]",,"0.0 [0.0, 1.0]","0.0 [0.0, 1.0]","0.0 [0.0, 1.0]",,"0.0 [0.0, 1.0]","0.0 [0.0, 1.0]","0.0 [0.0, 1.0]","0.0 [0.0, 1.0]",,"0.0 [0.0, 1.0]"
"  P/F ratio, median [Q1, Q3]","212 [100,429]","202 [112, 366]",,"242 [151, 352]","286 [164, 429]","250 [153, 370]",,"250 [156, 352]","250 [165, 335]","212 [136, 308]","210 [125, 324]",,"175 [100, 275]"
"  P/F ratio (imputed), median [Q1, Q3]","106 [59,269]","147 [94, 221]",,"122 [71, 168]","177 [106, 269]","134 [82, 177]",,"117 [73, 153]","71 [59, 134]","106 [69, 153]","106 [71, 164]",,"84 [64, 136]"
"CRRT, n (%)","34,707 (3.4%)",,"5,333 (4.1%)","4,015 (3.8%)","1,730 (2.7%)",0 (0.0%),"3,857 (5.5%)","3,136 (7.2%)","3,128 (6.3%)","3,734 (2.1%)","6,369 (4.2%)",,"3,405 (3.8%)"
"Invasive mechanical ventilation, n (%)","315,193 (30.6%)","14,674 (25.9%)","37,457 (28.5%)","32,464 (30.6%)","16,925 (26.8%)","13,504 (20.0%)","21,335 (30.4%)","18,240 (41.7%)","24,913 (49.9%)","45,350 (25.4%)","46,999 (30.8%)","8,193 (41.7%)","35,139 (39.1%)"
  First location at IMV start: icu,"237,573 (23.1%)","6,905 (47.1%)","26,848 (71.7%)","24,692 (76.1%)","8,171 (48.3%)","11,867 (87.9%)","10,863 (50.9%)","12,853 (70.5%)","20,796 (83.5%)","33,665 (74.2%)","38,893 (82.8%)","7,484 (91.3%)","34,536 (98.3%)"
  First location at IMV start: ed,"41,734 (4.1%)","3,730 (25.4%)","8,871 (23.7%)","5,890 (18.1%)","1,505 (8.9%)",483 (3.6%),816 (3.8%),"4,778 (26.2%)","3,759 (15.1%)","6,631 (14.6%)","5,107 (10.9%)",116 (1.4%),48 (0.1%)
  First location at IMV start: procedural,"23,815 (2.3%)","2,855 (19.5%)","1,008 (2.7%)","1,294 (4.0%)","6,998 (41.3%)",765 (5.7%),"3,691 (17.3%)",429 (2.4%),174 (0.7%),"4,556 (10.0%)","1,854 (3.9%)",34 (0.4%),157 (0.4%)
  First location at IMV start: stepdown,"1,550 (0.2%)",,254 (0.7%),164 (0.5%),18 (0.1%),,194 (0.9%),,36 (0.1%),114 (0.3%),710 (1.5%),,60 (0.2%)
  First location at IMV start: ward,"6,039 (0.6%)","1,136 (7.7%)",476 (1.3%),398 (1.2%),210 (1.2%),328 (2.4%),"1,827 (8.6%)",180 (1.0%),146 (0.6%),375 (0.8%),416 (0.9%),240 (2.9%),307 (0.9%)
  First location at IMV start: radiology,"1,532 (0.1%)",,,,,25 (0.2%),"1,490 (7.0%)",,,2 (0.0%),15 (0.0%),,
  First location at IMV start: dialysis,19 (0.0%),,,,13 (0.1%),,,,,3 (0.0%),3 (0.0%),,
  First location at IMV start: other,"2,130 (0.2%)",,,23 (0.1%),,,"2,076 (9.7%)",,1 (0.0%),1 (0.0%),1 (0.0%),,28 (0.1%)
  Initial ventilator mode: assist control-volume control,"188,099 (18.3%)","3,457 (23.6%)","18,494 (49.4%)","25,614 (78.9%)","11,443 (67.6%)",901 (6.7%),"11,218 (52.6%)","16,464 (90.3%)","8,128 (32.6%)","39,419 (86.9%)","29,314 (62.4%)","6,894 (84.1%)","16,753 (47.7%)"
  Initial ventilator mode: simv,"29,872 (2.9%)","1,424 (9.7%)","8,122 (21.7%)","2,193 (6.8%)",193 (1.1%),159 (1.2%),208 (1.0%),226 (1.2%),29 (0.1%),"2,592 (5.7%)","14,213 (30.2%)",,513 (1.5%)
  Initial ventilator mode: pressure support/cpap,"19,921 (1.9%)",74 (0.5%),"1,468 (3.9%)",878 (2.7%),"3,030 (17.9%)",986 (7.3%),"4,388 (20.6%)",817 (4.5%),300 (1.2%),"1,079 (2.4%)","2,373 (5.0%)",700 (8.5%),"3,828 (10.9%)"
  Initial ventilator mode: Missing,"6,461 (0.6%)",,,899 (2.8%),192 (1.1%),595 (4.4%),"2,081 (9.8%)",280 (1.5%),139 (0.6%),"1,057 (2.3%)",658 (1.4%),,560 (1.6%)
  Initial ventilator mode: pressure control,"6,473 (0.6%)",278 (1.9%),507 (1.4%),"1,032 (3.2%)",427 (2.5%),"1,845 (13.7%)",221 (1.0%),361 (2.0%),865 (3.5%),476 (1.0%),288 (0.6%),,173 (0.5%)
  Initial ventilator mode: other,"9,677 (0.9%)","4,820 (32.8%)",130 (0.3%),105 (0.3%),383 (2.3%),36 (0.3%),"3,213 (15.1%)",,293 (1.2%),273 (0.6%),143 (0.3%),,281 (0.8%)
  Initial ventilator mode: pressure-regulated volume control,"52,903 (5.1%)","4,447 (30.3%)","8,495 (22.7%)","1,743 (5.4%)",624 (3.7%),"8,981 (66.5%)",5 (0.0%),41 (0.2%),"15,159 (60.8%)",375 (0.8%),6 (0.0%),,"13,027 (37.1%)"
  Initial ventilator mode: volume support,299 (0.0%),170 (1.2%),49 (0.1%),,19 (0.1%),1 (0.0%),1 (0.0%),51 (0.3%),,,4 (0.0%),,4 (0.0%)
"  FiO2 (%), median [Q1, Q3]","0.4 [0.3,0.6]","0.4 [0.4, 0.4]","0.4 [0.4, 0.5]","0.4 [0.4, 0.5]","0.4 [0.3, 0.6]","0.4 [0.3, 0.4]","0.4 [0.4, 0.5]","0.4 [0.4, 0.5]","0.4 [0.4, 0.5]","0.3 [0.3, 0.4]","0.4 [0.4, 0.5]","0.3 [0.3, 0.4]","0.5 [0.4, 0.5]"
"  PEEP (cmH2O), median [Q1, Q3]","5 [5,8]","6.0 [6.0, 6.0]","5.0 [5.0, 5.0]","5.0 [5.0, 5.0]","5.0 [5.0, 6.0]","8.0 [8.0, 8.0]","5.0 [5.0, 5.0]","5.0 [5.0, 5.0]","5.0 [5.0, 5.0]","5.0 [5.0, 5.0]","5.0 [5.0, 5.0]","5.0 [5.0, 5.0]","5.0 [5.0, 5.0]"
"  Respiratory rate (breaths/min), median [Q1, Q3]","16 [0,20]","16.0 [16.0, 18.0]","16.0 [16.0, 18.0]","16.0 [15.0, 16.0]","16.0 [15.0, 18.0]","16.0 [16.0, 16.0]","16.0 [14.0, 16.0]","15.0 [14.0, 16.0]","16.0 [16.0, 16.0]","16.0 [15.0, 16.0]","19.0 [17.2, 20.0]","12.0 [0.0, 18.0]","16.0 [16.0, 17.5]"
"  Tidal volume (mL), median [Q1, Q3]","450 [400,500]","420.0 [405.0, 420.0]","420.0 [410.0, 440.0]","450.0 [450.0, 480.0]","450.0 [450.0, 480.0]","400.0 [400.0, 400.0]","450.0 [436.2, 450.0]","440.0 [420.0, 450.0]","450.0 [450.0, 450.0]","500.0 [480.0, 500.0]","450.0 [450.0, 450.0]","442.5 [410.0, 484.8]","450.0 [450.0, 450.0]"
"Vasopressor encounters, n (%)","260,090 (25.3%)","17,954 (31.7%)",,"47,598 (44.8%)","28,324 (44.8%)","14,207 (21.1%)",,"18,621 (42.5%)",,"52,014 (29.1%)","54,350 (35.6%)",,"27,022 (30.1%)"
"  Norepinephrine, n (%)","184,565 (17.9%)","16,631 (29.3%)",,"33,436 (31.5%)","21,282 (33.7%)","12,050 (17.9%)",,"12,455 (28.4%)",,"33,618 (18.8%)","39,972 (26.2%)",,"15,121 (16.8%)"
"    Norepinephrine dose (mcg/kg/min), median [Q1, Q3]","0.07 [0.03,7]","0.05 [0.03, 0.07]",,"4.00 [2.00, 6.00]","0.07 [0.04, 0.12]","5.00 [3.00, 7.00]",,"0.08 [0.04, 0.12]",,"0.05 [0.03, 0.08]","4.00 [2.00, 5.75]",,"0.07 [0.03, 0.10]"
"  Epinephrine, n (%)","69,664 (6.8%)","6,033 (10.6%)",,"8,223 (7.7%)","6,127 (9.7%)","2,901 (4.3%)",,"4,376 (10.0%)",,"15,268 (8.5%)","22,950 (15.0%)",,"3,786 (4.2%)"
"    Epinephrine dose (mcg/kg/min), median [Q1, Q3]","0.04 [0.01,6]","0.04 [0.03, 0.06]",,"2.50 [2.00, 4.00]","0.04 [0.02, 0.06]","4.00 [1.50, 6.00]",,"0.10 [0.05, 0.16]",,"0.03 [0.02, 0.04]","2.00 [1.50, 3.00]",,"0.02 [0.01, 0.04]"
"  Phenylephrine, n (%)","113,088 (11.0%)","1,745 (3.1%)",,"22,085 (20.8%)","10,586 (16.8%)","4,116 (6.1%)",,"10,389 (23.7%)",,"21,875 (12.2%)","24,997 (16.4%)",,"17,295 (19.2%)"
"    Phenylephrine dose (mcg/kg/min), median [Q1, Q3]","3.33 [0.23,50]","0.50 [0.30, 0.55]",,"30.00 [20.00, 50.00]","3.33 [1.67, 5.42]","25.00 [25.00, 37.50]",,"0.65 [0.50, 1.00]",,"0.40 [0.23, 0.50]","37.50 [25.00, 50.00]",,"0.50 [0.25, 0.80]"
"  Vasopressin, n (%)","75,611 (7.3%)","8,000 (14.1%)",,"13,574 (12.8%)","7,411 (11.7%)","4,463 (6.6%)",,"6,593 (15.1%)",,"13,467 (7.5%)","16,625 (10.9%)",,"5,478 (6.1%)"
"  Dopamine, n (%)","15,732 (1.5%)",351 (0.6%),,"3,138 (3.0%)",943 (1.5%),309 (0.5%),,"3,229 (7.4%)",,"4,392 (2.5%)","1,269 (0.8%)",,"2,101 (2.3%)"
"    Dopamine dose (mcg/kg/min), median [Q1, Q3]","4 [2,6.12]","5.00 [3.00, 5.00]",,"3.00 [2.00, 5.00]","5.00 [3.00, 6.12]","5.00 [2.50, 5.00]",,"4.00 [2.50, 5.00]",,"4.00 [2.50, 5.00]","4.00 [2.50, 5.00]",,"4.19 [2.04, 6.00]"
"Sedatives and analgesics, n (%)",,,,,,,,,,,,,
  Propofol,"208,939 (20.3%)","5,886 (10.4%)",,"40,638 (38.3%)","28,823 (45.6%)","8,360 (12.4%)",,"19,510 (44.6%)",,"39,874 (22.3%)","38,678 (25.3%)",,"27,170 (30.2%)"
  Midazolam,"33,421 (3.2%)","1,808 (3.2%)",,"2,629 (2.5%)","1,618 (2.6%)",872 (1.3%),,"1,007 (2.3%)",,"11,014 (6.2%)","6,982 (4.6%)",,"7,491 (8.3%)"
  Lorazepam,"1,980 (0.2%)",51 (0.1%),,564 (0.5%),164 (0.3%),83 (0.1%),,28 (0.1%),,319 (0.2%),729 (0.5%),,42 (0.0%)
  Dexmedetomidine,"114,929 (11.2%)","11,675 (20.6%)",,"22,198 (20.9%)","13,812 (21.9%)","7,587 (11.3%)",,"8,875 (20.3%)",,"27,844 (15.6%)","14,942 (9.8%)",,"7,996 (8.9%)"
  Fentanyl,"111,440 (10.8%)","8,199 (14.5%)",,"17,358 (16.3%)","4,355 (6.9%)","8,310 (12.3%)",,"11,627 (26.6%)",,"20,114 (11.3%)","27,122 (17.8%)",,"14,355 (16.0%)"
"Neuromuscular blocking agents, n (%)",,,,,,,,,,,,,
  Cisatracurium,"10,522 (1.0%)",382 (0.7%),,"1,269 (1.2%)",684 (1.1%),636 (0.9%),,591 (1.3%),,"1,694 (0.9%)","3,550 (2.3%)",,"1,716 (1.9%)"
  Rocuronium,"1,384 (0.1%)",38 (0.1%),,127 (0.1%),556 (0.9%),10 (0.0%),,29 (0.1%),,238 (0.1%),73 (0.0%),,313 (0.3%)
